id,exercice_id,date,charge_kg,reps,cree_le
1,3,2026-09-19,0.0,12,1789821937135
2,7,2026-09-19,0.0,1,1789821960873
3,8,2026-09-19,130.0,4,1789821984637
4,8,2026-09-19,140.0,1,1789822013585
5,9,2026-09-19,50.0,4,1789822040529
6,3,2026-09-21,0.0,15,1790009299190
7,7,2026-09-21,0.0,1,1790009339564
8,11,2026-09-21,0.0,5,1790009899903
9,11,2026-09-21,0.0,6,1790009951008
10,4,2026-09-21,0.0,32,1790010320288
11,5,2026-09-21,0.0,12,1790010845514
12,5,2026-09-23,0.0,20,1790185828362
13,7,2026-09-23,0.0,1,1790185853178
14,12,2026-09-23,0.0,7,1790186490367
15,12,2026-09-23,0.0,8,1790186537698
16,9,2026-09-30,40.0,1,1790784449645
17,6,2026-09-30,50.0,5,1790784595111
18,6,2026-09-30,60.0,1,1790784646967
19,6,2026-09-30,70.0,6,1790785808416
20,6,2026-09-30,72.5,9,1790785888189
21,6,2026-09-30,75.0,6,1790786153193
22,5,2026-09-30,0.0,16,1790786711069
23,5,2026-09-30,20.0,8,1790787034939
